data,hora,texto
30/08/2026,19:00,"A verdadeira força não está em gritar mais alto, mas em manter a calma quando todos ao seu redor perdem a razão. 🧘‍♂️\n\nSêneca dizia que a raiva é uma loucura breve. Cada vez que você reage por impulso, entrega o controle da sua mente a outra pessoa.\n\nRetome o seu poder. A melhor resposta para a provocação, muitas vezes, é o silêncio absoluto. 🛑\n\nQual foi a última vez que você venceu uma discussão simplesmente por não entrar nela?"
31/08/2026,11:30,"Nós sofremos mais na imaginação do que na realidade. 🧠\n\nQuantas vezes você perdeu noites de sono criando cenários terríveis na sua cabeça, apenas para descobrir que o problema real era muito menor (ou nem aconteceu)?\n\nEpicteto nos lembra que não são os eventos que nos perturbam, mas a visão que temos deles. 👁️\n\nO que você está temendo hoje que só existe na sua imaginação?"
31/08/2026,19:00,"Você não controla o trânsito, a economia ou a opinião dos outros. Mas você controla a sua reação a tudo isso. 🛡️\n\nO estoicismo não é sobre ser insensível, é sobre focar 100% da sua energia naquilo que está nas suas mãos: suas escolhas, seu caráter e suas ações.\n\nO resto? O resto é apenas cenário. 🎬\n\nOnde você está desperdiçando energia tentando controlar o incontrolável hoje?"
01/09/2026,11:30,"Ame o seu destino. Amor Fati. 🔥\n\nNão apenas aceite os desafios que a vida joga no seu caminho, mas abrace-os. Seus maiores fracassos e dores são a matéria-prima da sua sabedoria.\n\nComo disse Marco Aurélio: 'O fogo transforma em chama e brilho tudo o que é jogado nele.'\n\nQue dificuldade recente você pode começar a enxergar como um treinamento disfarçado?"
01/09/2026,19:00,"Lembre-se de que você vai morrer. Memento Mori. ⏳\n\nIsso não é um pensamento mórbido, é o lembrete mais libertador que existe. O seu tempo é o recurso mais valioso do mundo, e ele está se esgotando agora mesmo.\n\nPare de viver como se tivesse a eternidade para perdoar, agir ou buscar seus sonhos. ⚡\n\nSe esta fosse a sua última semana, o que você pararia de adiar hoje?"
02/09/2026,11:30,"O obstáculo é o caminho. 🧗‍♂️\n\nQuando um projeto falha ou uma porta se fecha, não é o fim da linha. É a vida te forçando a ser mais forte, mais inteligente e mais resiliente.\n\nNão peça por uma vida sem problemas; peça por ombros mais fortes para suportar o peso e continuar avançando. 💪\n\nQual barreira no seu caminho atual pode ser exatamente a ponte para o seu crescimento?"
02/09/2026,19:00,"Falar sobre a vida ideal é fácil. O difícil é vivê-la. 🏛️\n\nEpicteto alertava os seus alunos: 'Não explique a sua filosofia, encarne-a.' Seus valores não são o que você posta nas redes sociais, são as atitudes que você toma quando ninguém está olhando.\n\nMenos palavras bonitas, mais ações coerentes. ⚖️\n\nQue pequena atitude você vai tomar hoje para provar a si mesmo quem você é?"
03/09/2026,11:30,"Quem é rico de verdade? 💎\n\nSegundo Sêneca, rico não é aquele que tem muito, mas aquele que deseja pouco. Quando você condiciona a sua paz ao próximo salário ou à próxima conquista material, torna-se escravo do futuro.\n\nA verdadeira liberdade financeira e emocional começa quando você aprende a ser grato pelo que já tem. 🙏\n\nO que você já possui hoje que já foi um dos seus maiores sonhos?"
03/09/2026,19:00,"Pare de se comparar com os outros. 📐\n\nA única pessoa que você deve tentar superar é quem você foi ontem. A grama do vizinho sempre parece mais verde porque você está olhando para o palco dele, enquanto vive os seus bastidores.\n\nFoque na sua própria jornada e construa o seu caráter. O verdadeiro sucesso é silencioso e pessoal. 🏆\n\nEm que aspecto você já se tornou uma versão muito melhor do que era no ano passado?"
04/09/2026,11:30,"A disciplina é a maior forma de amor próprio. 🏋️‍♂️\n\nQuando você cede à preguiça ou ao impulso imediato, está roubando o sucesso do seu 'eu' do futuro. Os estoicos sabiam que não dependemos da motivação; dependemos do compromisso.\n\nFaça o que precisa ser feito, especialmente nos dias em que você não tem vontade. 🔥\n\nQual é aquela tarefa que você vai executar hoje sem pensar duas vezes?"
04/09/2026,19:00,"Se você quer paz, aprenda a dizer 'não'. 🛑\n\nMarco Aurélio escreveu: 'Faça menos, melhor.' No mundo moderno, confundimos produtividade com correria. Dizer 'sim' para tudo é dizer 'não' para as suas prioridades e para a sua saúde mental.\n\nSeja implacável ao proteger o seu tempo e a sua atenção. 🛡️\n\nO que você precisa retirar da sua agenda hoje para ter mais clareza mental?"
05/09/2026,11:30,"A dor é inevitável; o sofrimento é opcional. 🌧️\n\nPerdas, rejeições e imprevistos fazem parte da vida. Mas a narrativa que você conta para si mesmo sobre essas dores é o que prolonga o sofrimento.\n\nVocê é o roteirista da sua vida. Escolha contar uma história onde você é o aprendiz que supera o desafio, não a vítima. 📖\n\nComo você pode reescrever mentalmente um evento difícil que aconteceu recentemente?"
05/09/2026,19:00,"Nenhum homem é uma ilha. 🤝\n\nOs estoicos acreditavam na *Sympatheia*: a interconexão de toda a humanidade. Quando você ajuda o próximo, está ajudando a si mesmo. Quando prejudica alguém, degrada o próprio caráter.\n\nNossa função como seres humanos é cooperar. 🐝\n\nQuem na sua vida precisa de um simples apoio, um conselho ou um ombro amigo esta semana?"
06/09/2026,11:30,"A crítica só te fere se você concordar com ela. 🤷‍♂️\n\nSe alguém fala mal de você injustamente, por que se importar com uma mentira? Se falam uma verdade dolorosa, por que se revoltar em vez de tentar melhorar?\n\nA sua paz não pode depender do tribunal da opinião alheia. Você é o seu próprio juiz. ⚖️\n\nComo você pode se blindar hoje contra a necessidade de agradar os outros?"
06/09/2026,19:00,"Treine o desconforto voluntário. 🏕️\n\nSêneca aconselhava a tirar alguns dias para viver com o mínimo: comida simples, poucas roupas, nenhum luxo. O objetivo? Perceber que o pior cenário não é tão assustador assim.\n\nQuem domina o pouco, não se desespera se perder o muito. 🧱\n\nQue pequeno conforto você poderia abrir mão hoje apenas para treinar a sua força mental?"
07/09/2026,11:30,"O passado não existe mais. O futuro ainda não chegou. Tudo o que você tem é o AGORA. ⏳\n\nPassamos a vida ansiosos pelo que virá ou presos no que já foi. O único lugar onde a ação é possível e onde a vida realmente acontece é o momento presente.\n\nAncore a sua mente no agora. Respire. 🧘‍♂️\n\nO que de maravilhoso está acontecendo na sua frente agora e você não estava prestando atenção?"
07/09/2026,19:00,"Como você começa o seu dia define tudo. 🌅\n\nAcordar, pegar o celular e absorver os problemas do mundo é abrir as portas da sua mente para o caos. O estoico se prepara internamente antes de encarar o mundo externo.\n\nCrie um ritual matinal: silêncio, leitura, reflexão ou exercícios. Proteja suas primeiras horas. 🛡️\n\nComo seria a sua manhã ideal a partir de amanhã?"
08/09/2026,11:30,"Cuidado com as suas companhias. 👥\n\nEpicteto avisou que é impossível andar com pessoas cobertas de fuligem sem se sujar. A mentalidade, os hábitos e as reclamações de quem te cerca acabam moldando você.\n\nCerce-se de pessoas que te puxam para cima e te inspiram a ser melhor. 📈\n\nAs cinco pessoas com quem você mais convive refletem o futuro que você deseja ter?"
08/09/2026,19:00,"Faça um exame de consciência todas as noites. 🔍\n\nAntes de dormir, pergunte a si mesmo: O que eu fiz de bom hoje? O que eu poderia ter feito melhor? Em que momento deixei o ego falar mais alto?\n\nEsse exercício diário de Sêneca não é para gerar culpa, mas para garantir evolução constante. 📈\n\nQual é a maior lição que você tira do seu comportamento no dia de hoje?"
09/09/2026,11:30,"A aceitação não é passividade; é clareza. 🌪️\n\nQuando você aceita a realidade exatamente como ela é, sem brigar com o que já aconteceu, você libera energia para agir e focar na solução.\n\nA luta contra o inevitável só gera exaustão. Aceite os fatos para poder transformá-los. 🧠\n\nQue verdade desconfortável você precisa parar de negar para conseguir avançar na sua vida?"
09/09/2026,19:00,"Tudo passa. Esta é a regra de ouro da resiliência. ⏳\n\nTanto os seus momentos de maior glória quanto as noites mais escuras são passageiros. Reconhecer a impermanência de tudo ajuda a manter o ego sob controle na vitória e a esperança acesa na derrota.\n\nSeja como um rochedo firme no meio do oceano: as ondas batem, mas ele permanece imóvel. ⛰️\n\nLembre-se: por pior que seja a tempestade, o sol sempre volta a brilhar amanhã."
