data,hora,texto
31/08/2026,11:30,"Você já reparou quanta energia gastamos tentando mudar o trânsito, o clima ou a opinião alheia?

O filósofo Epicteto nos lembrava constantemente: existem coisas que estão sob nosso controle e coisas que simplesmente não estão. A sua paz mental começa no exato momento em que você decide focar apenas no que pode transformar. 🎯

Hoje, em vez de se estressar com o inevitável, respire fundo e direcione sua atenção para as suas próprias reações e atitudes.

O que você está tentando controlar hoje que não depende exclusivamente de você?"
31/08/2026,19:00,"Nem todos os dias saem como planejamos. Projetos falham, planos mudam e imprevistos acontecem a todo momento. 💥

Para os estoicos, a resposta para isso não é apenas aceitar o destino com resignação, mas amá-lo. É o famoso conceito de *Amor Fati*: encarar cada desafio não como um castigo, mas como combustível para a sua evolução.

Quando você para de lutar contra a realidade, aprende a usar qualquer situação a seu favor, transformando tropeços em aprendizado.

Qual evento recente que parecia ""ruim"" acabou te ensinando uma lição valiosa?"
01/09/2026,11:30,"Um lembrete incômodo, porém extremamente necessário: o seu tempo nesta Terra é finito. ⏳

Praticar o *Memento Mori* não é sobre ter medo da morte, mas sim sobre valorizar a vida. Saber que o dia de hoje é único muda completamente a forma como você trata as pessoas e gasta suas horas.

Não deixe suas palavras de carinho, seus projetos e suas decisões importantes para um ""amanhã"" que pode não chegar.

Se hoje fosse o seu último dia no planeta, você estaria orgulhoso da forma como viveu as últimas 24 horas?"
01/09/2026,19:00,"Em um mundo extremamente barulhento, saber se calar tornou-se um superpoder. 🤫

O estoico Zenão de Cício dizia que temos duas orelhas e apenas uma boca para que possamos ouvir mais e falar menos. Muitas vezes, reagimos por impulso apenas para ter a ""última palavra"" em uma discussão desnecessária.

O silêncio nos dá tempo para processar as emoções, cultivar a sabedoria e responder com clareza em vez de reagir no calor do momento.

Em qual situação da sua vida você sente que falar menos e ouvir mais traria mais paz?"
02/09/2026,11:30,"""As pessoas não são perturbadas pelas coisas, mas pelas opiniões que têm sobre as coisas."" Essa frase de Epicteto resume a base da mentalidade estoica. 🧠

O evento em si é neutro. O significado de ""bom"" ou ""ruim"" é a sua própria mente que atribui. Um atraso pode ser uma irritação ou uma oportunidade para praticar a paciência.

Você tem o poder de mudar a sua perspectiva a qualquer momento e, com isso, mudar completamente a sua realidade interior.

Qual problema atual na sua vida mudaria se você alterasse a forma de olhar para ele?"
02/09/2026,19:00,"Todas as manhãs, o imperador Marco Aurélio escrevia em seu diário privado para preparar sua mente para as batalhas do dia. 📜

Ele não escrevia para ser lido por milhões de pessoas no futuro, mas para treinar a própria virtude. Escrever seus pensamentos ajuda a organizar o caos mental e a definir intenções claras.

Reservar 5 minutos pela manhã para refletir sobre quem você quer ser faz toda a diferença antes de encarar o mundo exterior.

Você tem o hábito de escrever ou refletir sobre o seu dia logo ao acordar?"
03/09/2026,11:30,"O filósofo Sêneca aconselhava periodicamente a tomar refeições simples, usar roupas humildes e abrir mão dos confortos cotidianos. 🍞

A razão? Treinar a mente para que ela nunca tema a escassez. Quando nos acostumamos com o excesso de conforto, ficamos reféns do medo de perder o que temos.

Sair da zona de conforto voluntariamente nos lembra que somos mais fortes do que imaginamos e que a felicidade não depende do luxo.

Qual pequeno desconforto você praticou (ou pode praticar hoje) para fortalecer sua mente?"
03/09/2026,19:00,"""Hoje vou encontrar pessoas bisbilhotiras, ingratas, arrogantes e desonestas."" Era assim que Marco Aurélio começava seus dias. 👥

Não porque ele era cínico, mas porque entendia que pessoas difíceis agem por pura ignorância sobre o que é o bem. Ficar com raiva delas é tão inútil quanto ficar com raiva da chuva.

Em vez de se contaminar pelo comportamento alheio, use esses encontros difíceis como uma oportunidade para praticar a sua paciência e integridade.

Como você costuma redefinir sua mente quando precisa lidar com pessoas complicadas no trabalho ou na família?"
04/09/2026,11:30,"O que impede a sua ação deve se tornar a própria ação. O obstáculo no caminho é o caminho. 🏔️

Quando uma porta se fecha ou um problema surge, a mente comum vê um bloqueio. A mente estoica vê um treino: uma chance de desenvolver coragem, criatividade ou resiliência.

Nada pode atrapalhar o seu progresso se você encarar cada barreira como um degrau para o seu fortalecimento.

Qual é o maior obstáculo que você enfrenta hoje e como ele pode te tornar uma pessoa melhor?"
04/09/2026,19:00,"Existe um lugar dentro de você que ninguém pode invadir, a menos que você permita: a sua cidadela interior. 🏰

O mundo externo pode estar caótico, com crises, barulho e incertezas. Mas o seu estado mental permanece sob sua exclusiva responsabilidade e custódia.

Cultivar essa fortaleza interna exige prática diária de pausa, respiração e discernimento moral.

O que costuma roubar sua paz interior e o que você pode fazer hoje para proteger a sua mente?"
05/09/2026,11:30,"Nada dura para sempre. As alegrias passam, mas as dores e as dificuldades também passam. 🌊

Compreender a impermanência das coisas nos ensina a ter humildade nos momentos de sucesso e esperança nos momentos de crise. Tudo no universo está em constante fluxo e transformação.

Aprecie o presente sem se apegar excessivamente a ele, pois este momento exato nunca mais se repetirá.

Lembrar que ""isso também passa"" traz mais alívio ou mais gratidão para o momento que você vive hoje?"
05/09/2026,19:00,"Não temos uma vida curta, mas desperdiçamos muito dela. Essa é uma das maiores lições de Sêneca sobre a brevidade da vida. ⏳

Passamos horas navegando sem rumo nas redes sociais, nos preocupando com bobeiras ou trabalhando para agradar pessoas de quem nem gostamos. O tempo é o nosso bem mais precioso.

Trate as suas horas com o mesmo cuidado e rigor com que você protege a sua conta bancária.

Em qual atividade desnecessária você sente que está desperdiçando seu tempo ultimamente?"
06/09/2026,11:30,"Entre o estímulo e a sua resposta, existe um espaço. Nesse espaço está a sua verdadeira liberdade de escolha. ⚡

Quando alguém te ofende ou uma situação foge do controle, o impulso natural é reagir imediatamente. Mas o estoico aprende a pausar. Essa pequena fração de segundo permite que a razão assuma o controle.

Reagir por emoção gera arrependimento; responder com razão gera respeito e serenidade.

Você consegue fazer essa pausa antes de responder a uma provocação ou costuma agir no impulso?"
06/09/2026,19:00,"Rico não é aquele que tem muito, mas aquele que precisa de pouco. 💎

A sociedade moderna nos vende a ideia de que precisamos de mais um carro, mais uma roupa ou o modelo mais recente de celular para sermos felizes. Os estoicos já sabiam que o desejo insaciável é uma prisão.

A verdadeira riqueza é ter uma mente tranquila, saúde e liberdade sobre os próprios desejos.

O que você já possui hoje que, se perdesse, perceberia que era extremamente rico?"
07/09/2026,11:30,"Se você busca constante aprovação dos outros, você se tornou escravo deles. 🔗

Epicteto nos lembrava que confiar a nossa felicidade ao julgamento alheio é uma garantia de frustração. As pessoas mudam de opinião a todo momento e não conhecem suas lutas internas.

Aja de acordo com seus princípios e com a sua consciência, independentemente de aplausos ou críticas.

Você já deixou de seguir um objetivo importante por medo do que os outros iriam pensar?"
07/09/2026,19:00,"A sua reputação é o que os outros pensam de você. O seu caráter é quem você realmente é quando ninguém está olhando. 🛡️

No mundo digital, é fácil construir uma imagem impecável para a internet enquanto se vive de forma desorganizada no mundo real.

O verdadeiro estoico foca na substância, não nas aparências. Virtude não é uma pose, é um compromisso diário com a verdade.

O que você faz no seu dia a dia, sem ninguém ver, que reflete o seu verdadeiro caráter?"
08/09/2026,11:30,"Os filósofos estoicos usavam a palavra *Sympatheia* para descrever a interconexão de tudo no universo. 🌍

Nós não somos ilhas isoladas; somos parte de um todo maior, como membros de um mesmo corpo. Prejudicar o outro é, em última análise, prejudicar a si mesmo.

Quando ajudamos a nossa comunidade e agimos com justiça, estamos fortalecendo a própria estrutura da humanidade.

Que pequena ação de empatia ou ajuda você pode realizar hoje por alguém ao seu redor?"
08/09/2026,19:00,"E se tudo der errado hoje? Essa é a pergunta por trás do exercício estoico conhecido como *Premeditatio Malorum*. 🔮

Visualizar antecipadamente os piores cenários não é pessimismo, é preparação mental. Quando você antecipa o imprevisto, elimina o fator surpresa e não entra em pânico se algo falhar.

A mente preparada não se desespera; ela adapta seus planos e segue em frente com calma.

Como a preparação para cenários difíceis pode te ajudar a reduzir a ansiedade no seu dia a dia?"
09/09/2026,11:30,"A ansiedade vive no futuro e o arrependimento habita o passado. A sua vida de fato só acontece no presente. 🎯

Marco Aurélio costumava se lembrar de não sobrecarregar a mente pensando no peso de todo o futuro de uma vez. Foque no passo que você precisa dar exatamente agora.

O momento presente é o único lugar onde você tem poder real de ação e transformação.

A sua mente costuma ficar mais presa no futuro, no passado ou você consegue focar no dia de hoje?"
09/09/2026,19:00,"Antes de dormir, Sêneca costumava se fazer três perguntas: Que mau hábito eu combati hoje? Em que me tornei melhor? Minhas ações foram corretas? 🌙

Essa auditoria noturna não serve para se punir ou sentir culpa, mas para aprender com o dia que passou e evoluir continuamente.

O aperfeiçoamento pessoal não acontece por acaso, é uma jornada diária de pequenos ajustes.

Se você fizesse um balanço sincero do seu dia hoje, qual foi a sua maior vitória pessoal?"
