tipo,data,hora,texto,caminho_midia
post,01/09/2026,10:00 AM,"Quando alguém nos prejudica, a reação natural do ego é querer pagar na mesma moeda. Mas responder com a mesma pequenez só torna você igual a quem te feriu. 🛡️🔥

Elevar-se acima da situação é a maior demonstração de maturidade e virtude. Deixe que a conduta dos outros seja o problema deles, e mantenha a sua integridade intacta.

Não permita que o comportamento alheio destrua o seu caráter. Seja a exceção.

O que você acha dessa visão? Comente abaixo! 👇

#OEstoicoModerno #Virtude #Carater #Maturidade #Ego #PazDeEspirito",/home/moises/work/allsocialmidia/output/instagram_batch/post_4.png
post,01/09/2026,02:00 PM,"O medo de parecer ignorante mantém milhões de pessoas estagnadas. Queremos parecer especialistas antes mesmo de aprender o básico. 📚🌱

Epicteto nos lembra que o aprendizado exige humildade. Para dominar qualquer habilidade, você precisa aceitar os erros da fase inicial e fazer perguntas 'bobas'.

Abandone a necessidade de impressionar os outros. O orgulho é o maior inimigo da evolução pessoal.

Qual habilidade você quer aprender hoje sem medo de errar?

#OEstoicoModerno #Evolucao #Humildade #Aprendizado Continuo #Sucesso #MenteAberta",/home/moises/work/allsocialmidia/output/instagram_batch/post_5.png
reel,01/09/2026,06:00 PM,Pare de adiar a sua vida. O tempo está correndo e você não pode comprar um segundo a mais. ⏳💀 Envie esse vídeo para aquela pessoa que precisa acordar pra vida! #MementoMori #OEstoicoModerno #Foco #Disciplina #Motivacao,/home/moises/work/allsocialmidia/output/batch_20260829_133737/package_20260829_133737/final_video_short.mp4
